,Unnamed: 0.1,Unnamed: 0,商品名,成分名,口コミ数,評価平均点,運動目的,運動目的2
0,0,181,ファンケルのカロリミット,"桑の葉由来イミノシュガー,茶花サポニン",10794,2.94,有酸素運動ストレッチ,ストレッチ・有酸素運動
1,1,243,イサゴール,サイリウム種皮由来の食物繊維,72,3.09,有酸素運動,有酸素運動
2,2,397,イージーファイバーダイエット,難消化性デキストリン,168,3.18,有酸素運動,有酸素運動
3,3,2637,みやびの植物酵素100,乳酸菌,46,2.96,ストレッチ,ストレッチ
4,4,3956,アテニアの「カロリシェイプ」,"桑の葉由来イミノシュガー,茶花サポニン",18,3.06,有酸素運動ストレッチ,ストレッチ・有酸素運動
5,5,4484,ファットダウン,ローズヒップ由来ティリロサイド,0,,無酸素運動,無酸素運動
6,6,4678,LKM512,ビフィズス菌,0,,ストレッチ,ストレッチ
7,7,4967,CDファイバー,α‐シクロデキストリン,10,2.8,有酸素運動,有酸素運動
8,8,5002,大人のカロリミット,"桑の葉由来イミノシュガー,茶花サポニン,ブラックジンジャー由来ポリメトキシフラボン",4576,2.8,無酸素運動有酸素運動ストレッチ,バランス
9,9,5484,アカポリアプラス,アカシア樹皮由来プロアントシアニジン,8,1.88,有酸素運動,有酸素運動
10,10,5614,燃やしてスリム,"ヒドロキシクエン酸（HCA）,ヒハツ由来ピペリン類",6,2.5,ストレッチストレッチ,ストレッチ
11,11,5701,ヘルスエイドローズヒップ,ローズヒップ由来ティリロサイド,36,2.76,無酸素運動,無酸素運動
12,12,5770,カイテキオリゴ,"オリゴ糖,α‐シクロデキストリン",71,3.27,ストレッチ有酸素運動,ストレッチ・有酸素運動
13,13,5878,森永ビースリー,ビフィズス菌,38,2.46,ストレッチ,ストレッチ
14,14,5901,おとなの前菜,難消化性デキストリン,0,,有酸素運動,有酸素運動
15,15,6012,DHCエクササイズダイエット,甘草由来グラブリジン,22,2.82,無酸素運動,無酸素運動
16,16,6089,ヘラスリム,葛の花由来イソフラボン,109,2.26,ストレッチ,ストレッチ
17,17,6108,アラプラス糖ダウン,5-アミノレブリン酸リン酸塩,11,2.73,有酸素運動,有酸素運動
18,18,6248,葛の花減脂粒,葛の花由来イソフラボン,48,2.04,ストレッチ,ストレッチ
19,19,6279,おなか快調宣言,難消化性デキストリン,10,1.89,有酸素運動,有酸素運動
20,20,6296,葛の花イソフラボンスリム,葛の花由来イソフラボン,12,2.5,ストレッチ,ストレッチ
21,21,6335,クリアライナ,難消化性デキストリン,0,,有酸素運動,有酸素運動
22,22,6371,燃体源,ブラックジンジャー由来ポリメトキシフラボン,1,3.0,無酸素運動,無酸素運動
23,23,6421,slimfor（スリムフォー）,葛の花由来イソフラボン,115,1.84,ストレッチ,ストレッチ
24,24,6535,シボヘール,葛の花由来イソフラボン,1207,2.32,ストレッチ,ストレッチ
25,25,6587,サラシア100,サラシア,64,2.72,有酸素運動,有酸素運動
26,26,6862,グラボノイド300,甘草由来グラブリジン,1,2.0,無酸素運動,無酸素運動
27,27,6909,プウェル,乳酸菌,1,,ストレッチ,ストレッチ
28,28,6938,プロシア8(プロシアエイト),リンゴ由来プロシアニジン,13,1.92,無酸素運動,無酸素運動
29,29,6981,シボガード,ターミナリアベリリカ由来没食子酸,0,,無酸素運動,無酸素運動
30,30,7059,内脂サポート,"ブラックジンジャー由来ポリメトキシフラボン,ビフィズス菌",804,2.58,無酸素運動ストレッチ,ストレッチ・無酸素運動
31,31,7065,ルックルックイヌリンプラス,イヌリン,12,3.08,有酸素運動,有酸素運動
32,32,7107,葛の花イソフラボン貴妃,葛の花由来イソフラボン,0,,ストレッチ,ストレッチ
33,33,7110,ウエストシェイプ,葛の花由来イソフラボン,0,,ストレッチ,ストレッチ
34,34,7111,葛の花ウエストケアタブレット,葛の花由来イソフラボン,0,,ストレッチ,ストレッチ
35,35,7112,葛の花サプリメント,葛の花由来イソフラボン,0,,ストレッチ,ストレッチ
36,36,7113,葛の花ヘルスリム27,葛の花由来イソフラボン,0,,ストレッチ,ストレッチ
37,37,7114,メディスリム,葛の花由来イソフラボン,0,,ストレッチ,ストレッチ
38,38,7151,ビフィリゴ10000,ビフィズス菌,0,,ストレッチ,ストレッチ
39,39,7211,WESTON(ウエストン)330グラボノイド,甘草由来グラブリジン,0,,無酸素運動,無酸素運動
40,40,7290,脚きゅっと！,赤ブドウ葉由来ポリフェノール,0,,ストレッチ,ストレッチ
41,41,7291,カプシEX,カプシノイド,4,2.5,ストレッチ,ストレッチ
42,42,7339,EPAandDHAシームレスカプセル,DHA・EPA,0,,ストレッチ,ストレッチ
43,43,7407,ピルボックスonaka(おなか),葛の花由来イソフラボン,7,3.2,ストレッチ,ストレッチ
44,44,7447,ヨクシボン,ターミナリアベリリカ由来没食子酸,0,,無酸素運動,無酸素運動
45,45,7468,ライラック01乳酸菌,乳酸菌,0,,ストレッチ,ストレッチ
46,46,7474,イージータブレットターミナリア,ターミナリアベリリカ由来没食子酸,2,1.5,無酸素運動,無酸素運動
47,47,7538,モリモリビフィ,ビフィズス菌,0,,ストレッチ,ストレッチ
48,48,7560,ピュアフローラ,サイリウム種皮由来の食物繊維,56,2.1,有酸素運動,有酸素運動
49,49,7606,金の菊芋,イヌリン,4,2.67,有酸素運動,有酸素運動
50,50,7617,ナイスリムエッセンスラクトフェリン,ラクトフェリン,22,2.65,無酸素運動,無酸素運動
51,51,7648,ビフィーナS,ビフィズス菌,8,3.25,ストレッチ,ストレッチ
52,52,7734,健脂サポート,モノグルコシルヘスペリジン,0,,ストレッチ,ストレッチ
53,53,7759,ネイチャーシェイプ13500,エラグ酸,2,3.0,無酸素運動,無酸素運動
54,54,7838,ウエイトン葛の花,葛の花由来イソフラボン,1,2.0,ストレッチ,ストレッチ
55,55,7899,ボディファースト,エラグ酸,0,,無酸素運動,無酸素運動
56,56,7901,DHCウエスト気になる,エラグ酸,139,2.55,無酸素運動,無酸素運動
57,57,7920,大正製薬おなかの脂肪が気になる方のタブレット,葛の花由来イソフラボン,188,2.52,ストレッチ,ストレッチ
58,58,7925,ダイエットのみかた,エラグ酸,8,2.17,無酸素運動,無酸素運動
59,59,7938,メタストンW,葛の花由来イソフラボン,0,,ストレッチ,ストレッチ
60,60,7951,メタバリアEX,"サラシア,難消化性デキストリン,茶カテキン,モノグルコシルルチン",492,2.56,有酸素運動ストレッチ有酸素運動無酸素運動,バランス
61,61,7985,中性脂肪やコレステロールが気になる方のタブレット,エラグ酸,1,4.0,無酸素運動,無酸素運動
62,62,7997,極み菌活生サプリ,乳酸菌,83,2.22,ストレッチ,ストレッチ
63,63,8039,パパフレ,ターミナリアベリリカ由来没食子酸,0,,無酸素運動,無酸素運動
64,64,8072,中性脂肪サポート,モノグルコシルヘスペリジン,1,4.0,ストレッチ,ストレッチ
65,65,8089,Lovet(ラヴェット),ターミナリアベリリカ由来没食子酸,0,,無酸素運動,無酸素運動
66,66,8132,シボリズム,エラグ酸,0,,無酸素運動,無酸素運動
67,67,8133,脂肪注意報,グロビン由来バリン-バリン-チロシン-プロリン,0,,無酸素運動,無酸素運動
68,68,8136,きなり極,DHA・EPA,97,2.27,ストレッチ,ストレッチ
69,69,8164,シボヘールゴールド,エラグ酸,99,2.33,無酸素運動,無酸素運動
70,70,8166,ワイルドマンゴーの力,エラグ酸,72,2.4,無酸素運動,無酸素運動
71,71,8222,フラコラ大人の1粒習慣,サラシア,3,3.0,有酸素運動,有酸素運動
72,72,8228,ターミナリアファースト,ターミナリアベリリカ由来没食子酸,386,2.34,無酸素運動,無酸素運動
73,73,8239,メタバリア葛の花イソフラボン,葛の花由来イソフラボン,96,2.56,ストレッチ,ストレッチ
74,74,8259,ナイシダウン,ブラックジンジャー由来ポリメトキシフラボン,0,,無酸素運動,無酸素運動
75,75,8305,スリリンダブル,ターミナリアベリリカ由来没食子酸,12,2.25,無酸素運動,無酸素運動
76,76,8347,メタグラボEX,甘草由来グラブリジン,4,2.5,無酸素運動,無酸素運動
77,77,8357,ブラックジンジャー代謝粒,ブラックジンジャー由来ポリメトキシフラボン,54,2.47,無酸素運動,無酸素運動
78,78,8373,スラリオ（Sulalio）,ブラックジンジャー由来ポリメトキシフラボン,1,2.0,無酸素運動,無酸素運動
79,79,8376,お腹の脂肪に黒しょうが,ブラックジンジャー由来ポリメトキシフラボン,52,2.48,無酸素運動,無酸素運動
80,80,8379,ファットケアタブレット,葛の花由来イソフラボン,2,2.5,ストレッチ,ストレッチ
81,81,8386,オサエル,ターミナリアベリリカ由来没食子酸,0,,無酸素運動,無酸素運動
82,82,8418,おなかサイズ,乳酸菌,1,3.0,ストレッチ,ストレッチ
83,83,8423,ブラックジンジャーカプセル,ブラックジンジャー由来ポリメトキシフラボン,0,,無酸素運動,無酸素運動
84,84,8440,GOLDAY(ゴールデイ),ローズヒップ由来ティリロサイド,0,,無酸素運動,無酸素運動
85,85,8444,FLAVOSフラボス,ブラックジンジャー由来ポリメトキシフラボン,92,2.23,無酸素運動,無酸素運動
86,86,8454,LacFIT（ラクフィット）,"乳酸菌,ビフィズス菌",70,2.6,ストレッチストレッチ,ストレッチ
87,87,8458,アカポリ糖ケア,アカシア樹皮由来プロアントシアニジン,4,3.75,有酸素運動,有酸素運動
88,88,8465,GENBI（げんび）,葛の花由来イソフラボン,23,2.68,ストレッチ,ストレッチ
89,89,8468,しなりずむ,ブラックジンジャー由来ポリメトキシフラボン,0,,無酸素運動,無酸素運動
90,90,8471,井藤漢方製薬Meilis（メイリス）DHA1000S,DHA・EPA,2,2.5,ストレッチ,ストレッチ
91,91,8484,さかな暮らしダブル,DHA・EPA,0,,ストレッチ,ストレッチ
92,92,8485,ナップル抑脂サプリ,グロビン由来バリン-バリン-チロシン-プロリン,17,2.76,無酸素運動,無酸素運動
93,93,8499,スラミー（Slamee）,ブラックジンジャー由来ポリメトキシフラボン,7,3.14,無酸素運動,無酸素運動
94,94,8500,Rの美力,ローズヒップ由来ティリロサイド,15,2.8,無酸素運動,無酸素運動
95,95,8501,メタバリアプレミアムEX,"サラシア,フロロタンニン,モノグルコシルルチン,茶カテキン,難消化性デキストリン",496,2.78,有酸素運動ストレッチ有酸素運動無酸素運動ストレッチ,バランス
96,96,8556,燃やスリム,ブラックジンジャー由来ポリメトキシフラボン,0,,無酸素運動,無酸素運動
97,97,8567,ターミナリアスリム,ターミナリアベリリカ由来没食子酸,90,2.13,無酸素運動,無酸素運動
98,98,8575,スリリンファイア-SLILINF-,"ブラックジンジャー由来ポリメトキシフラボン,エラグ酸",63,2.55,無酸素運動無酸素運動,無酸素運動
99,99,8581,ブルーミングベリリカ（BloomingBellirica）,ターミナリアベリリカ由来没食子酸,1,4.0,無酸素運動,無酸素運動
100,100,8587,糖カロカット,サラシア,0,,有酸素運動,有酸素運動
101,101,8592,ワイルドマンゴーの力粒,エラグ酸,15,2.69,無酸素運動,無酸素運動
102,102,8594,MULCUTI（マルカティ）,ターミナリアベリリカ由来没食子酸,5,2.8,無酸素運動,無酸素運動
103,103,8601,食事で気になる糖や脂肪!,ターミナリアベリリカ由来没食子酸,0,,無酸素運動,無酸素運動
104,104,8602,なんとかしたいお腹の脂肪!,ブラックジンジャー由来ポリメトキシフラボン,0,,無酸素運動,無酸素運動
105,105,8639,メタプラスウエスト,ブラックジンジャー由来ポリメトキシフラボン,11,2.64,無酸素運動,無酸素運動
106,106,8644,シボヘールWケア,ターミナリアベリリカ由来没食子酸,54,2.65,無酸素運動,無酸素運動
107,107,8648,ラクルル（LACLULU）,"ヒハツ由来ピペリン類,ブラックジンジャー由来ポリメトキシフラボン",78,1.89,無酸素運動ストレッチ,ストレッチ・無酸素運動
108,108,8656,糖脂リミット,ターミナリアベリリカ由来没食子酸,0,,無酸素運動,無酸素運動
109,109,8667,ナイシボーンEX,ブラックジンジャー由来ポリメトキシフラボン,83,2.54,無酸素運動,無酸素運動
110,110,8674,E-TABLETBURNER（イータブレットバーナー）,ヒドロキシクエン酸（HCA）,2,1.5,ストレッチ,ストレッチ
111,111,8681,カテキン減脂粒,茶カテキン,56,2.15,ストレッチ,ストレッチ
112,112,8695,ナップル抑糖サプリ,サラシア,37,3.06,有酸素運動,有酸素運動
113,113,8698,カロバリア,ターミナリアベリリカ由来没食子酸,0,,無酸素運動,無酸素運動
114,114,8704,パルフェックス（PARFEX）,葛の花由来イソフラボン,0,,ストレッチ,ストレッチ
115,115,8711,ブラックジンジャーDX,ブラックジンジャー由来ポリメトキシフラボン,11,2.4,無酸素運動,無酸素運動
116,116,8722,ブラックジンジャー×乳酸菌,"ブラックジンジャー由来ポリメトキシフラボン,乳酸菌",16,2.6,無酸素運動ストレッチ,ストレッチ・無酸素運動
117,117,8732,スリムリミット（SLIMLimit）,ブラックジンジャー由来ポリメトキシフラボン,1,4.0,無酸素運動,無酸素運動
118,118,8735,黒しょうが効果,ブラックジンジャー由来ポリメトキシフラボン,1,3.0,無酸素運動,無酸素運動
119,119,8744,トリプル革命,エノキタケ由来脂肪酸（リノール酸・α－リノレン酸）,2,2.5,無酸素運動,無酸素運動
120,120,8746,ナイスリムサポートエラグ酸のチカラ,エラグ酸,38,2.47,無酸素運動,無酸素運動
121,121,8748,ENERGYSLIM（エナジースリム）,葛の花由来イソフラボン,0,,ストレッチ,ストレッチ
122,122,8752,糖脂ブロック,ターミナリアベリリカ由来没食子酸,27,2.52,無酸素運動,無酸素運動
123,123,8761,SLIMG（スリムジー）,ブラックジンジャー由来ポリメトキシフラボン,0,,無酸素運動,無酸素運動
124,124,8781,シボリーナ,ブラックジンジャー由来ポリメトキシフラボン,11,2.55,無酸素運動,無酸素運動
125,125,8798,グリコパワープロダクションエキストラバーナー,ヒドロキシクエン酸（HCA）,13,3.15,ストレッチ,ストレッチ
126,126,8800,オリヒロブラックジンジャーサラシア,"ブラックジンジャー由来ポリメトキシフラボン,サラシア",38,2.74,無酸素運動有酸素運動,無酸素運動・有酸素運動
127,127,8801,ブルーミングセルナージュ（BloomingCellnage）,葛の花由来イソフラボン,0,,ストレッチ,ストレッチ
128,128,8802,ナイナイシ（nainaishi）,エラグ酸,0,,無酸素運動,無酸素運動
129,129,8804,シボヘルプ,葛の花由来イソフラボン,47,2.49,ストレッチ,ストレッチ
130,130,8808,ウエストキュート,リンゴ由来プロシアニジン,1,2.0,無酸素運動,無酸素運動
131,131,8809,腹脂ヘルプ,葛の花由来イソフラボン,3,2.33,ストレッチ,ストレッチ
132,132,8819,シボヘールGOLDDX-PLUS,エラグ酸,69,2.46,無酸素運動,無酸素運動
133,133,8824,ミラヘルEX,ブラックジンジャー由来ポリメトキシフラボン,0,,無酸素運動,無酸素運動
134,134,8825,プレミアムカテキン糖脂,茶カテキン,0,,ストレッチ,ストレッチ
135,135,8831,ターミナリアファイン,ターミナリアベリリカ由来没食子酸,0,,無酸素運動,無酸素運動
136,136,8832,肥満気味な方の体重やお腹の脂肪を減らすのを助けるウエストアシスト,葛の花由来イソフラボン,0,,ストレッチ,ストレッチ
137,137,8851,ダブルバスター（WBUSTER）,ブラックジンジャー由来ポリメトキシフラボン,3,2.33,無酸素運動,無酸素運動
138,138,8866,WAISTHELLウエストヘル,ブラックジンジャー由来ポリメトキシフラボン,17,2.13,無酸素運動,無酸素運動
139,139,8878,キロロス（KIROROS）,エラグ酸,206,1.84,無酸素運動,無酸素運動
140,140,8882,スラレグ（Slaleg）,"茶カテキン,ヒハツ由来ピペリン類",19,2.67,ストレッチストレッチ,ストレッチ
141,141,8883,桑の葉&茶カテキンの恵み,"桑の葉由来イミノシュガー,茶カテキン",59,2.65,ストレッチ有酸素運動,ストレッチ・有酸素運動
142,142,8885,ココフローラ,グアーガム分解物,0,,有酸素運動,有酸素運動
143,143,8886,シボラナイトGOLD,エラグ酸,329,1.98,無酸素運動,無酸素運動
144,144,8887,シボラナイト,ブラックジンジャー由来ポリメトキシフラボン,68,2.08,無酸素運動,無酸素運動
145,145,8922,トリプル脂肪ダウン,エラグ酸,0,,無酸素運動,無酸素運動
146,146,8928,シボヘリーナα,エラグ酸,0,,無酸素運動,無酸素運動
147,147,8929,お腹脂肪サポート,ブラックジンジャー由来ポリメトキシフラボン,4,3.75,無酸素運動,無酸素運動
148,148,8942,イマーク中性脂肪を下げるEPAandDHAシームレスカプセル,DHA・EPA,0,,ストレッチ,ストレッチ
149,149,8947,スリムケアプラス,ローズヒップ由来ティリロサイド,0,,無酸素運動,無酸素運動
150,150,8949,Merattoメラット,ブラックジンジャー由来ポリメトキシフラボン,77,2.1,無酸素運動,無酸素運動
151,151,8961,おなかの脂肪ぱっくん,ブラックジンジャー由来ポリメトキシフラボン,75,2.46,無酸素運動,無酸素運動
152,152,8962,ラバキュットダウン（LAVAQTTODOWN）,リンゴ由来プロシアニジン,10,2.6,無酸素運動,無酸素運動
153,153,8978,Taisya（タイシャ）,"ヒハツ由来ピペリン類,ブラックジンジャー由来ポリメトキシフラボン",3,2.33,無酸素運動ストレッチ,ストレッチ・無酸素運動
154,154,8980,アルクスマート,ブラックジンジャー由来ポリメトキシフラボン,0,,無酸素運動,無酸素運動
155,155,8993,メタノン,ブラックジンジャー由来ポリメトキシフラボン,0,,無酸素運動,無酸素運動
156,156,9004,コレステロールや中性脂肪が気になる方のカプセル,DHA・EPA,3,2.67,ストレッチ,ストレッチ
157,157,9008,ファイラHMB（FIRAHMB）,"HMBカルシウム,ブラックジンジャー由来ポリメトキシフラボン",72,2.23,無酸素運動ストレッチ,ストレッチ・無酸素運動
158,158,9015,糖質注意報,サラシア,0,,有酸素運動,有酸素運動
159,159,9019,いつもを、そえて。,ターミナリアベリリカ由来没食子酸,0,,無酸素運動,無酸素運動
160,160,9023,VALXNAQSEL（バルクスナクセル）,"ヒドロキシクエン酸（HCA）,ターミナリアベリリカ由来没食子酸",1,3.0,無酸素運動ストレッチ,ストレッチ・無酸素運動
161,161,9024,糖脂ダウンEX,ターミナリアベリリカ由来没食子酸,0,,無酸素運動,無酸素運動
162,162,9031,なかったコトに!ぐっすりスッキリ快眠&腸活!,乳酸菌,0,,ストレッチ,ストレッチ
163,163,9032,なかったコトに!なんとかしたい脚のむくみ!,ヒハツ由来ピペリン類,0,,ストレッチ,ストレッチ
164,164,9043,GOLDAYON（ゴールデイオン）,"ローズヒップ由来ティリロサイド,モノグルコシルヘスペリジン",0,,無酸素運動ストレッチ,ストレッチ・無酸素運動
165,165,9049,METOFAS（メトファス）,ブラックジンジャー由来ポリメトキシフラボン,15,2.71,無酸素運動,無酸素運動
166,166,9066,大腸のキホン,ビフィズス菌,0,,ストレッチ,ストレッチ
167,167,9069,BURNiBO（バニボ）,"ブラックジンジャー由来ポリメトキシフラボン,ヒドロキシクエン酸（HCA）",24,2.78,無酸素運動ストレッチ,ストレッチ・無酸素運動
168,168,9073,ホワイエット（WHIET）,赤パプリカ由来キサントフィル,1,3.0,無酸素運動,無酸素運動
169,169,9082,糖脂ケア,ターミナリアベリリカ由来没食子酸,0,,無酸素運動,無酸素運動
170,170,9084,カロリケア,エラグ酸,0,,無酸素運動,無酸素運動
171,171,9091,スリムサポ（SlimSapo）,リンゴ由来プロシアニジン,30,1.97,無酸素運動,無酸素運動
172,172,9093,糖や脂肪にターミナリアW,ターミナリアベリリカ由来没食子酸,11,2.82,無酸素運動,無酸素運動
173,173,9096,糖脂アプローチ,ターミナリアベリリカ由来没食子酸,0,,無酸素運動,無酸素運動
174,174,9098,シボ葛の花,葛の花由来イソフラボン,1,3.0,ストレッチ,ストレッチ
175,175,9115,きなり匠,"DHA・EPA,モノグルコシルヘスペリジン",19,2.17,ストレッチストレッチ,ストレッチ
176,176,9116,ホップ効果,熟成ホップ由来苦味酸,0,,無酸素運動,無酸素運動
177,177,9119,緑茶減流素,茶カテキン,0,,ストレッチ,ストレッチ
178,178,9130,オサエルEX,ターミナリアベリリカ由来没食子酸,1,2.0,無酸素運動,無酸素運動
179,179,9138,ナイシヘルプ,ブラックジンジャー由来ポリメトキシフラボン,1,2.0,無酸素運動,無酸素運動
180,180,9141,オリヒロ脂肪･尿酸ダウン,ブラックジンジャー由来ポリメトキシフラボン,0,,無酸素運動,無酸素運動
181,181,9145,ボディチャレンジZ,エラグ酸,0,,無酸素運動,無酸素運動
182,182,9149,ベジバリアウエストスリム,茶カテキン,0,,ストレッチ,ストレッチ
183,183,9164,備えの食卓,イソマルトデキストリン,0,,ストレッチ,ストレッチ
184,184,9168,むくみクリア,ヒハツ由来ピペリン類,0,,ストレッチ,ストレッチ
185,185,9178,スリリンエス（SLILINS）,乳酸菌,0,,ストレッチ,ストレッチ
186,186,9183,ヘルスイッチ（healthswitch）,エラグ酸,1,3.0,無酸素運動,無酸素運動
187,187,9188,メタプラスウエストマックス,エラグ酸,1,3.0,無酸素運動,無酸素運動
188,188,9190,シボヘルシ,葛の花由来イソフラボン,26,2.12,ストレッチ,ストレッチ
189,189,9209,ナイシボーンGOLD,エラグ酸,5,2.2,無酸素運動,無酸素運動
190,190,9217,体脂サポート,ブラックジンジャー由来ポリメトキシフラボン,19,2.63,無酸素運動,無酸素運動
191,191,9221,ナイシヘール,ブラックジンジャー由来ポリメトキシフラボン,0,,無酸素運動,無酸素運動
192,192,9229,カロリレス,ターミナリアベリリカ由来没食子酸,0,,無酸素運動,無酸素運動
193,193,9241,カルカラ（KALCALA）,"ヒハツ由来ピペリン類,ブラックジンジャー由来ポリメトキシフラボン",5,2.6,無酸素運動ストレッチ,ストレッチ・無酸素運動
194,194,9248,シックスバリア,エラグ酸,0,,無酸素運動,無酸素運動
195,195,9255,メタシボール,エラグ酸,0,,無酸素運動,無酸素運動
196,196,9266,シボローカ,エラグ酸,68,2.24,無酸素運動,無酸素運動
197,197,9271,トリプルメタガード,"茶カテキン,ブラックジンジャー由来ポリメトキシフラボン,乳酸菌",0,,無酸素運動ストレッチストレッチ,ストレッチ・無酸素運動
198,198,9275,インナースマート（InnerSmart）,"ビフィズス菌,ブラックジンジャー由来ポリメトキシフラボン",0,,無酸素運動ストレッチ,ストレッチ・無酸素運動
199,199,9282,腹脂ヘルス,葛の花由来イソフラボン,0,,ストレッチ,ストレッチ
200,200,9284,シボヘルス,ブラックジンジャー由来ポリメトキシフラボン,1,2.0,無酸素運動,無酸素運動
201,201,9285,脂肪減（しぼうげん）,エラグ酸,0,,無酸素運動,無酸素運動
202,202,9286,ヘラスマート（HelaSmart）,コーヒー由来クロロゲン酸類,0,,無酸素運動,無酸素運動
203,203,9296,ナイシボーンZ,茶カテキン,0,,ストレッチ,ストレッチ
204,204,9306,保阪流極すらり生活,ブラックジンジャー由来ポリメトキシフラボン,0,,無酸素運動,無酸素運動
205,205,9309,中脂サポーター,エラグ酸,0,,無酸素運動,無酸素運動
206,206,9310,脂肪注意報EX,グロビン由来バリン-バリン-チロシン-プロリン,0,,無酸素運動,無酸素運動
207,207,9311,糖質注意報EX,サラシア,0,,有酸素運動,有酸素運動
208,208,9312,ダイエタリーファイバータブレット,イソマルトデキストリン,0,,ストレッチ,ストレッチ
209,209,9315,ターミナリアタイト（TerminaliaTight）,ターミナリアベリリカ由来没食子酸,0,,無酸素運動,無酸素運動
210,210,9316,アブラカッタブラ,キウイ由来プロシアニジン,0,,有酸素運動,有酸素運動
211,211,9317,働く人の生活習慣サポートEX,"DHA・EPA,ブラックジンジャー由来ポリメトキシフラボン",0,,無酸素運動ストレッチ,ストレッチ・無酸素運動
212,212,9319,ラクペコ（RAKUPECO）,"乳酸菌,ヒハツ由来ピペリン類,茶カテキン",1,2.0,ストレッチストレッチストレッチ,ストレッチ
213,213,9322,トリプル生活習慣,"バナバ葉由来コロソリン酸,エラグ酸",0,,無酸素運動ストレッチ,ストレッチ・無酸素運動
214,214,9327,シズカ茶カテキン,茶カテキン,0,,ストレッチ,ストレッチ
215,215,9330,カロリーポン,"ターミナリアベリリカ由来没食子酸,バナバ葉由来コロソリン酸,ブラックジンジャー由来ポリメトキシフラボン",2,3.0,無酸素運動無酸素運動ストレッチ,ストレッチ・無酸素運動
216,216,9332,スッキリシトール,ターミナリアベリリカ由来没食子酸,0,,無酸素運動,無酸素運動
217,217,9334,グラボディー（GLABODY）,甘草由来グラブリジン,0,,無酸素運動,無酸素運動
218,218,9335,ゴールドメダルゼロ（GOLDMEDALZERO）,ブラックジンジャー由来ポリメトキシフラボン,0,,無酸素運動,無酸素運動
219,219,9336,ヘレネーズターミナリア,ターミナリアベリリカ由来没食子酸,2,3.5,無酸素運動,無酸素運動
220,220,9337,ナットウキナーゼさらさら粒PREMIUM（プレミアム）＋中性脂肪,DHA・EPA,0,,ストレッチ,ストレッチ
221,221,9339,減脂GIN（ゲンシジン）,ブラックジンジャー由来ポリメトキシフラボン,4,1.75,無酸素運動,無酸素運動
222,222,9341,シックスダウン（sixdown）,エラグ酸,0,,無酸素運動,無酸素運動
223,223,9343,ナップル粒,グロビン由来バリン-バリン-チロシン-プロリン,0,,無酸素運動,無酸素運動
224,224,9344,快朝ハーブ乳酸菌,乳酸菌,0,,ストレッチ,ストレッチ
225,225,9357,メタバリア葛の花イソフラボンEX,葛の花由来イソフラボン,36,2.78,ストレッチ,ストレッチ
226,226,9372,キリンiMUSE免疫ケア×内臓脂肪ダウン,"乳酸菌,葛の花由来イソフラボン",45,2.83,ストレッチストレッチ,ストレッチ
227,227,9373,ラクビプレミアム（LakubiPremium）,"3-(4-ヒドロキシ-3-メトキシフェニル)プロピオン酸 (HMPA),酪酸菌",47,2.09,無酸素運動ストレッチ,ストレッチ・無酸素運動
228,228,9374,えがおフトラント,エラグ酸,1,3.0,無酸素運動,無酸素運動
229,229,9379,新谷酵素葛の花,葛の花由来イソフラボン,0,,ストレッチ,ストレッチ
230,230,9384,ファットアシスト,ブラックジンジャー由来ポリメトキシフラボン,0,,無酸素運動,無酸素運動
231,231,9404,中脂サポーターW,"エラグ酸,モノグルコシルヘスペリジン",0,,無酸素運動ストレッチ,ストレッチ・無酸素運動
232,232,9409,ラヴェットエスプラス（LovetS+）,ターミナリアベリリカ由来没食子酸,0,,無酸素運動,無酸素運動
233,233,9412,ターミナリアスリムプラス,ターミナリアベリリカ由来没食子酸,53,2.23,無酸素運動,無酸素運動
234,234,9415,シボラナイトプレミアム,"赤パプリカ由来キサントフィル,乳酸菌",1,2.0,ストレッチ無酸素運動,ストレッチ・無酸素運動
235,235,9427,PETACO（ペタコ）,ブラックジンジャー由来ポリメトキシフラボン,0,,無酸素運動,無酸素運動
236,236,9431,ウエイトンα,葛の花由来イソフラボン,0,,ストレッチ,ストレッチ
237,237,9440,シボラナイト2,ブラックジンジャー由来ポリメトキシフラボン,25,2.16,無酸素運動,無酸素運動
238,238,9448,メタサポ,茶カテキン,0,,ストレッチ,ストレッチ
239,239,9462,AiryLeg（エアリーレッグ）,ヒハツ由来ピペリン類,0,,ストレッチ,ストレッチ
240,240,9463,BlackBurn&Moist（ブラックバーン＆モイスト）,ブラックジンジャー由来ポリメトキシフラボン,0,,無酸素運動,無酸素運動
241,241,9465,DHA・EPA中性脂肪サポート,DHA・EPA,0,,ストレッチ,ストレッチ
242,242,9466,DHA＆EPAＤＸ,DHA・EPA,0,,ストレッチ,ストレッチ
243,243,9468,DHA1000＋W,DHA・EPA,0,,ストレッチ,ストレッチ
244,244,9470,DHCDHA,DHA・EPA,0,,ストレッチ,ストレッチ
245,245,9474,DHC血糖ファイバー,グアーガム分解物,0,,有酸素運動,有酸素運動
246,246,9478,Dr.FormulaLongPepper（ロングペッパー）,ヒハツ由来ピペリン類,0,,ストレッチ,ストレッチ
247,247,9480,EGタイトcleanse,エノキタケ由来脂肪酸（リノール酸・α－リノレン酸）,0,,無酸素運動,無酸素運動
248,248,9482,fiberupFiber（ファイバーアップファイバー）,難消化性デキストリン,0,,有酸素運動,有酸素運動
249,249,9483,FTCリセットファイバー,グアーガム分解物,0,,有酸素運動,有酸素運動
250,250,9485,GENBIげんびプレミアム,ターミナリアベリリカ由来没食子酸,1,3.0,無酸素運動,無酸素運動
251,251,9488,ＨＥＲＡＴＨ（ヘラス）,ローズヒップ由来ティリロサイド,0,,無酸素運動,無酸素運動
252,252,9497,MEGADHAEPA,DHA・EPA,0,,ストレッチ,ストレッチ
253,253,9500,MukumaNice（ムクマナイス）,モノグルコシルヘスペリジン,0,,ストレッチ,ストレッチ
254,254,9501,ｏｎａｋａＷ（おなかダブル）,"葛の花由来イソフラボン,乳酸菌",0,,ストレッチストレッチ,ストレッチ
255,255,9503,ＲＥＳＵＲＡ（リスラ）,ヒハツ由来ピペリン類,0,,ストレッチ,ストレッチ
256,256,9504,Reパーフェクト,ブラックジンジャー由来ポリメトキシフラボン,0,,無酸素運動,無酸素運動
257,257,9506,Shibottell（シボッテル）,モノグルコシルヘスペリジン,0,,ストレッチ,ストレッチ
258,258,9507,Smooth（スムース）,イヌリン,0,,有酸素運動,有酸素運動
259,259,9512,TBCDBカプセル,"サラシア,茶カテキン",1,4.0,ストレッチ有酸素運動,ストレッチ・有酸素運動
260,260,9518,VAAMヴァームスマートフィット顆粒,アラニン・アルギニン・フェニルアラニン混合物,1,3.0,無酸素運動,無酸素運動
261,261,9519,アイソカルファイバー,グアーガム分解物,0,,有酸素運動,有酸素運動
262,262,9522,アップルシェイプ,リンゴ由来プロシアニジン,0,,無酸素運動,無酸素運動
263,263,9524,あゆみ,ブラックジンジャー由来ポリメトキシフラボン,0,,無酸素運動,無酸素運動
264,264,9525,アラプラス糖ダウンアラシア,"5-アミノレブリン酸リン酸塩,サラシア",0,,有酸素運動有酸素運動,有酸素運動
265,265,9527,アラプラス糖ダウンリッチ,5-アミノレブリン酸リン酸塩,0,,有酸素運動,有酸素運動
266,266,9528,アルークα（アルファ）筋力マスター,"HMBカルシウム,ブラックジンジャー由来ポリメトキシフラボン",0,,無酸素運動ストレッチ,ストレッチ・無酸素運動
267,267,9530,イージータブレットターミナリアW,ターミナリアベリリカ由来没食子酸,0,,無酸素運動,無酸素運動
268,268,9531,イージーファイバー乳酸菌プレミアム,"難消化性デキストリン,乳酸菌,オリゴ糖",0,,有酸素運動ストレッチストレッチ,ストレッチ・有酸素運動
269,269,9533,イソフラスルー,葛の花由来イソフラボン,0,,ストレッチ,ストレッチ
270,270,9534,イヌリーナ,イヌリン,0,,有酸素運動,有酸素運動
271,271,9535,イヌリンGOLD（ゴールド）,イヌリン,0,,有酸素運動,有酸素運動
272,272,9536,イヌリンファイバー,イヌリン,0,,有酸素運動,有酸素運動
273,273,9538,ウエイトシェイプ,エラグ酸,0,,無酸素運動,無酸素運動
274,274,9539,ウェルネスM7,イヌリン,0,,有酸素運動,有酸素運動
275,275,9540,ウエル田七血糖サポート,ジンセノサイドRg1,0,,有酸素運動,有酸素運動
276,276,9543,えがお内脂燃,ブラックジンジャー由来ポリメトキシフラボン,0,,無酸素運動,無酸素運動
277,277,9545,エクサスリムファイバープラス,イソマルトデキストリン,0,,ストレッチ,ストレッチ
278,278,9546,エクストラファイバー極繊,イソマルトデキストリン,0,,ストレッチ,ストレッチ
279,279,9547,エバーライフ［コレステロール・中性脂肪］,DHA・EPA,0,,ストレッチ,ストレッチ
280,280,9548,エバーライフ［血圧・血糖］,サラシア,0,,有酸素運動,有酸素運動
281,281,9549,エラグ酸プレミアム,エラグ酸,0,,無酸素運動,無酸素運動
282,282,9563,オトナ女性の冷え・脚のむくみにHIHATSU,ヒハツ由来ピペリン類,0,,ストレッチ,ストレッチ
283,283,9564,おなかの脂肪サポート,葛の花由来イソフラボン,0,,ストレッチ,ストレッチ
284,284,9566,オメガ3習慣,DHA・EPA,0,,ストレッチ,ストレッチ
285,285,9567,オメガLIFE3-6-9,DHA・EPA,0,,ストレッチ,ストレッチ
286,286,9572,お腹の脂肪マイナス,ブラックジンジャー由来ポリメトキシフラボン,0,,無酸素運動,無酸素運動
287,287,9573,お腹の脂肪を減らす糖脂ケア,ターミナリアベリリカ由来没食子酸,0,,無酸素運動,無酸素運動
288,288,9577,ガセリ菌SP株カプセル,乳酸菌,0,,ストレッチ,ストレッチ
289,289,9579,カテキン減肥粒,茶カテキン,0,,ストレッチ,ストレッチ
290,290,9588,カロガード,イソマルトデキストリン,0,,ストレッチ,ストレッチ
291,291,9591,キョーリックDHA＆EPA,DHA・EPA,0,,ストレッチ,ストレッチ
292,292,9598,グラシトールプレミアム,ピニトール,0,,有酸素運動,有酸素運動
293,293,9601,クリルオイル三洋,DHA・EPA,0,,ストレッチ,ストレッチ
294,294,9602,グルコイーズ,難消化性デキストリン,0,,有酸素運動,有酸素運動
295,295,9604,グルコデザインカプセル,小麦アルブミン,0,,ストレッチ,ストレッチ
296,296,9606,クルビサプラス中性脂肪低下サポート,DHA・EPA,0,,ストレッチ,ストレッチ
297,297,9614,けんび,DHA・EPA,0,,ストレッチ,ストレッチ
298,298,9615,コアブレイン,DHA・EPA,0,,ストレッチ,ストレッチ
299,299,9618,ゴールドメダルスリープセブン,ブラックジンジャー由来ポリメトキシフラボン,0,,無酸素運動,無酸素運動
300,300,9621,コタラエキス＋（プラス）,サラシア,0,,有酸素運動,有酸素運動
301,301,9624,コレス＆ミドルケアカプセルＷ,DHA・EPA,0,,ストレッチ,ストレッチ
302,302,9628,サキナグロビンペプチド,"グロビン由来バリン-バリン-チロシン-プロリン,サラシア",0,,有酸素運動無酸素運動,無酸素運動・有酸素運動
303,303,9629,サキナローズヒップ,ローズヒップ由来ティリロサイド,0,,無酸素運動,無酸素運動
304,304,9631,サトウDHA＆EPA,DHA・EPA,0,,ストレッチ,ストレッチ
305,305,9632,さよなら中性生活プレミアムex,DHA・EPA,0,,ストレッチ,ストレッチ
306,306,9633,サラシアdeカット,サラシア,0,,有酸素運動,有酸素運動
307,307,9634,サラシアトライS,サラシア,0,,有酸素運動,有酸素運動
308,308,9636,サラシア血糖値サポート,サラシア,0,,有酸素運動,有酸素運動
309,309,9639,サラッとキクリン,イヌリン,0,,有酸素運動,有酸素運動
310,310,9640,さらにイヌリンを加えた菊芋タブレット,イヌリン,0,,有酸素運動,有酸素運動
311,311,9642,サンファイバーナチュラル腸活プラス,グアーガム分解物,0,,有酸素運動,有酸素運動
312,312,9643,サンファイバー血糖,グアーガム分解物,0,,有酸素運動,有酸素運動
313,313,9645,シボールEX,ブラックジンジャー由来ポリメトキシフラボン,0,,無酸素運動,無酸素運動
314,314,9646,シボカット,ブラックジンジャー由来ポリメトキシフラボン,0,,無酸素運動,無酸素運動
315,315,9647,シボナイン,茶カテキン,0,,ストレッチ,ストレッチ
316,316,9649,しぼへるるん,エラグ酸,0,,無酸素運動,無酸素運動
317,317,9650,シボヘルン,ブラックジンジャー由来ポリメトキシフラボン,0,,無酸素運動,無酸素運動
318,318,9653,ジュンカ（junca）,ヒハツ由来ピペリン類,0,,ストレッチ,ストレッチ
319,319,9654,ジンジャーファイト10（GINGERFIGHT10）,ブラックジンジャー由来ポリメトキシフラボン,0,,無酸素運動,無酸素運動
320,320,9658,すっきりサラシアピュア,サラシア,0,,有酸素運動,有酸素運動
321,321,9659,すっきりサラシアプレミアム,サラシア,0,,有酸素運動,有酸素運動
322,322,9660,スッキリラ,乳酸菌,0,,ストレッチ,ストレッチ
323,323,9662,ステスリム,ブラックジンジャー由来ポリメトキシフラボン,0,,無酸素運動,無酸素運動
324,324,9663,ステビアヘルスイヌリンプラス,イヌリン,0,,有酸素運動,有酸素運動
325,325,9664,スパークリングサプリサーモ＆スラリ,ヒハツ由来ピペリン類,0,,ストレッチ,ストレッチ
326,326,9665,スパイスサプリヒハツ,ヒハツ由来ピペリン類,0,,ストレッチ,ストレッチ
327,327,9666,スマートプロ,ブラックジンジャー由来ポリメトキシフラボン,0,,無酸素運動,無酸素運動
328,328,9667,スラサラDHAEPA,DHA・EPA,0,,ストレッチ,ストレッチ
329,329,9668,スラットアップ21600,ヒハツ由来ピペリン類,0,,ストレッチ,ストレッチ
330,330,9669,スラッとリズム,ヒハツ由来ピペリン類,0,,ストレッチ,ストレッチ
331,331,9670,すらぽか,ヒハツ由来ピペリン類,0,,ストレッチ,ストレッチ
332,332,9674,スリムアップル,リンゴ由来プロシアニジン,0,,無酸素運動,無酸素運動
333,333,9675,スローカロリーシュガー,パラチノース,0,,有酸素運動,有酸素運動
334,334,9682,タベテイイヨ,イソマルトデキストリン,0,,ストレッチ,ストレッチ
335,335,9683,チコリのイヌリン,イヌリン,0,,有酸素運動,有酸素運動
336,336,9688,テーブルラボ,ターミナリアベリリカ由来没食子酸,0,,無酸素運動,無酸素運動
337,337,9690,トウピタ,イヌリン,0,,有酸素運動,有酸素運動
338,338,9691,トキワメタテクト,"DHA・EPA,サラシア",0,,有酸素運動ストレッチ,ストレッチ・有酸素運動
339,339,9692,ドクターマリDr.MariDHA・EPA,DHA・EPA,0,,ストレッチ,ストレッチ
340,340,9693,ドッサリズム乳酸菌,乳酸菌,0,,ストレッチ,ストレッチ
341,341,9694,トリプルケアプレミアム,桑の葉由来イミノシュガー,0,,有酸素運動,有酸素運動
342,342,9695,ナイシボン,ブラックジンジャー由来ポリメトキシフラボン,0,,無酸素運動,無酸素運動
343,343,9696,ナガルルモ,"ヒハツ由来ピペリン類,乳酸菌",0,,ストレッチストレッチ,ストレッチ
344,344,9698,ナップルジーアイプラス粒,サラシア,1,3.0,有酸素運動,有酸素運動
345,345,9699,ネイチャーシェイプ15600,エラグ酸,1,2.0,無酸素運動,無酸素運動
346,346,9700,ノエビアウェイトバランス（WEIGHTBALANCE）,エノキタケ由来脂肪酸（リノール酸・α－リノレン酸）,0,,無酸素運動,無酸素運動
347,347,9704,バーンアップDX,ブラックジンジャー由来ポリメトキシフラボン,0,,無酸素運動,無酸素運動
348,348,9705,ハイサラシアタブレット,サラシア,0,,有酸素運動,有酸素運動
349,349,9709,パッションフルーツLaboサプリ,パッションフルーツ種子由来ピセアタンノール,0,,ストレッチ,ストレッチ
350,350,9714,ハピネスヘルスサプリ,ブラックジンジャー由来ポリメトキシフラボン,0,,無酸素運動,無酸素運動
351,351,9716,ビオリーナ,乳酸菌,0,,ストレッチ,ストレッチ
352,352,9717,ヒハツむくみ・冷えサポート,ヒハツ由来ピペリン類,0,,ストレッチ,ストレッチ
353,353,9718,ビフィパック,ビフィズス菌,0,,ストレッチ,ストレッチ
354,354,9719,ピュアファイバー,α‐シクロデキストリン,0,,有酸素運動,有酸素運動
355,355,9723,ファイバーシュガー,α‐シクロデキストリン,0,,有酸素運動,有酸素運動
356,356,9724,ファインの巡（めぐ）み,"DHA・EPA,モノグルコシルヘスペリジン",0,,ストレッチストレッチ,ストレッチ
357,357,9725,フォーエバーアークティックシー,DHA・EPA,0,,ストレッチ,ストレッチ
358,358,9727,ブライテンキトヘルス,エノキタケ由来脂肪酸（リノール酸・α－リノレン酸）,0,,無酸素運動,無酸素運動
359,359,9730,ブラックジンジャーDXGOLD,ブラックジンジャー由来ポリメトキシフラボン,0,,無酸素運動,無酸素運動
360,360,9731,ブラックジンジャープレミアムEX,"ブラックジンジャー由来ポリメトキシフラボン,乳酸菌",0,,無酸素運動ストレッチ,ストレッチ・無酸素運動
361,361,9735,プロシアニジンプレミアム,リンゴ由来プロシアニジン,0,,無酸素運動,無酸素運動
362,362,9738,ヘラスリムトリプルストック,葛の花由来イソフラボン,0,,ストレッチ,ストレッチ
363,363,9744,ぽかぽかムクミヘール,ヒハツ由来ピペリン類,0,,ストレッチ,ストレッチ
364,364,9746,ボスリンサラシア,サラシア,0,,有酸素運動,有酸素運動
365,365,9747,ホッとキュッと,ヒハツ由来ピペリン類,0,,ストレッチ,ストレッチ
366,366,9752,マグマEPA＆DHA,DHA・EPA,0,,ストレッチ,ストレッチ
367,367,9753,まぐろのチカラ粒,DHA・EPA,0,,ストレッチ,ストレッチ
368,368,9756,マリンヘルスαPLUS,"DHA・EPA,ブラックジンジャー由来ポリメトキシフラボン",0,,無酸素運動ストレッチ,ストレッチ・無酸素運動
369,369,9760,ミカレアの濃厚DHA・EPA,DHA・EPA,0,,ストレッチ,ストレッチ
370,370,9766,ミネルヴァ青魚の恵みDHA＆EPA,DHA・EPA,0,,ストレッチ,ストレッチ
371,371,9768,みやびのブラックジンジャー極,ブラックジンジャー由来ポリメトキシフラボン,0,,無酸素運動,無酸素運動
372,372,9769,みやびの血圧×血糖Wケア,バナバ葉由来コロソリン酸,0,,ストレッチ,ストレッチ
373,373,9772,むくみサポート,ヒハツ由来ピペリン類,0,,ストレッチ,ストレッチ
374,374,9773,むくみスラット,ヒハツ由来ピペリン類,0,,ストレッチ,ストレッチ
375,375,9774,むくみぱっくん,モノグルコシルヘスペリジン,1,3.0,ストレッチ,ストレッチ
376,376,9775,むくみ減粒,ヒハツ由来ピペリン類,0,,ストレッチ,ストレッチ
377,377,9776,メイスビオラクティプラス,ビフィズス菌,0,,ストレッチ,ストレッチ
378,378,9777,メタストップ,ブラックジンジャー由来ポリメトキシフラボン,0,,無酸素運動,無酸素運動
379,379,9779,メタプロパウダー糖脂圧,イソマルトデキストリン,0,,ストレッチ,ストレッチ
380,380,9789,ラバオンビーナス,"パッションフルーツ種子由来ピセアタンノール,ヒハツ由来ピペリン類",0,,ストレッチストレッチ,ストレッチ
381,381,9790,ランゲリン,バナバ葉由来コロソリン酸,0,,ストレッチ,ストレッチ
382,382,9794,リラスラット,ヒハツ由来ピペリン類,0,,ストレッチ,ストレッチ
383,383,9798,わさび＆ティリロサイド,ローズヒップ由来ティリロサイド,0,,無酸素運動,無酸素運動
384,384,9807,飲むグアーガムリフリーラ,グアーガム分解物,0,,有酸素運動,有酸素運動
385,385,9816,海の恵オメガⅢ（スリー）,DHA・EPA,0,,ストレッチ,ストレッチ
386,386,9817,海洋の力DHA＆EPA,DHA・EPA,0,,ストレッチ,ストレッチ
387,387,9821,鰹頭DHA,DHA・EPA,0,,ストレッチ,ストレッチ
388,388,9824,菊の花＆カテキンの恵み,茶カテキン,0,,ストレッチ,ストレッチ
389,389,9826,菊芋の極み,イヌリン,0,,有酸素運動,有酸素運動
390,390,9827,魚DEさらら,DHA・EPA,0,,ストレッチ,ストレッチ
391,391,9830,空腹時血糖値が気になる方のタブレット（粒タイプ）,ナリンジン,0,,ストレッチ,ストレッチ
392,392,9831,桑の葉タブレットPLUS（プラス）,桑の葉由来イミノシュガー,0,,有酸素運動,有酸素運動
393,393,9836,結糖減流素,桑の葉由来イミノシュガー,0,,有酸素運動,有酸素運動
394,394,9838,血中中性脂肪と食後の血糖値が気になる方のケア習慣,イヌリン,0,,有酸素運動,有酸素運動
395,395,9839,血糖・血圧サポート,サラシア,0,,有酸素運動,有酸素運動
396,396,9841,血糖サポート,バナバ葉由来コロソリン酸,0,,ストレッチ,ストレッチ
397,397,9842,血糖セーブ菊芋粒,イヌリン,0,,有酸素運動,有酸素運動
398,398,9843,血糖減粒,サラシア,0,,有酸素運動,有酸素運動
399,399,9844,血糖値が気になる方の本気のサラシア,サラシア,0,,有酸素運動,有酸素運動
400,400,9845,血糖値ダブル対策,"桑の葉由来イミノシュガー,バナバ葉由来コロソリン酸",0,,有酸素運動ストレッチ,ストレッチ・有酸素運動
401,401,9847,健快のススメ！,イソマルトデキストリン,0,,ストレッチ,ストレッチ
402,402,9849,健康きらりサラシアプラス,サラシア,0,,有酸素運動,有酸素運動
403,403,9850,健康きらり海洋の力PREMIUM（プレミアム）,DHA・EPA,0,,ストレッチ,ストレッチ
404,404,9851,健康生活ファイバー,イソマルトデキストリン,0,,ストレッチ,ストレッチ
405,405,9853,健人の食卓,イソマルトデキストリン,0,,ストレッチ,ストレッチ
406,406,9854,健美の彩食,イヌリン,0,,有酸素運動,有酸素運動
407,407,9857,賢人の食習慣カプセル,"サラシア,DHA・EPA",0,,有酸素運動ストレッチ,ストレッチ・有酸素運動
408,408,9860,元気ASHIP黒しょうが,ブラックジンジャー由来ポリメトキシフラボン,0,,無酸素運動,無酸素運動
409,409,9862,減脂生活,葛の花由来イソフラボン,0,,ストレッチ,ストレッチ
410,410,9866,高めのBMIを下げるカテキン,茶カテキン,0,,ストレッチ,ストレッチ
411,411,9867,国産長命草,ボタンボウフウ由来クロロゲン酸,0,,有酸素運動,有酸素運動
412,412,9868,黒しょうがと海藻,ブラックジンジャー由来ポリメトキシフラボン,0,,無酸素運動,無酸素運動
413,413,9869,黒の腹部減粒,ブラックジンジャー由来ポリメトキシフラボン,0,,無酸素運動,無酸素運動
414,414,9875,脂浄力,エラグ酸,0,,無酸素運動,無酸素運動
415,415,9878,自然に感謝海からの恵み極,DHA・EPA,0,,ストレッチ,ストレッチ
416,416,9879,錫蘭葛,サラシア,0,,有酸素運動,有酸素運動
417,417,9883,食の救世主,イソマルトデキストリン,0,,ストレッチ,ストレッチ
418,418,9884,食後の血糖値・中性脂肪が気になる方のケア習慣,イソマルトデキストリン,0,,ストレッチ,ストレッチ
419,419,9885,食後の血糖値が気になる方のタブレット（粒タイプ）,サラシア,0,,有酸素運動,有酸素運動
420,420,9892,食事のリズム,イソマルトデキストリン,0,,ストレッチ,ストレッチ
421,421,9898,新美糖,L-アラビノース,0,,有酸素運動,有酸素運動
422,422,9900,森永トリプルサプリ,難消化性デキストリン,0,,有酸素運動,有酸素運動
423,423,9902,整う和漢習慣タブレット軽やか三昧,ブラックジンジャー由来ポリメトキシフラボン,0,,無酸素運動,無酸素運動
424,424,9903,青魚バランスケアEPA＋DHA,DHA・EPA,0,,ストレッチ,ストレッチ
425,425,9906,赤菊芋パウダー,イヌリン,0,,有酸素運動,有酸素運動
426,426,9909,足のむくみや手の冷えが気になる方のサプリメントキセキのヒハツ,ヒハツ由来ピペリン類,0,,ストレッチ,ストレッチ
427,427,9911,体脂エスコート,ローズヒップ由来ティリロサイド,0,,無酸素運動,無酸素運動
428,428,9914,大人のDHA＆EPA,DHA・EPA,0,,ストレッチ,ストレッチ
429,429,9922,暖々肢温,ヒハツ由来ピペリン類,0,,ストレッチ,ストレッチ
430,430,9923,茶の間の葛の花サポート,葛の花由来イソフラボン,0,,ストレッチ,ストレッチ
431,431,9924,中性脂肪ケアDHA＆EPA,DHA・EPA,0,,ストレッチ,ストレッチ
432,432,9925,中性脂肪ヘルプ,DHA・EPA,0,,ストレッチ,ストレッチ
433,433,9926,腸Beautyクィーン,イヌリン,0,,有酸素運動,有酸素運動
434,434,9927,腸まで届けるナイスリムエッセンスラクトフェリン葛の花プレミアム,"ラクトフェリン,葛の花由来イソフラボン",0,,ストレッチ無酸素運動,ストレッチ・無酸素運動
435,435,9928,腸まで届けるナイスリムエッセンスラクトフェリン乳酸菌PLUS（プラス）,"ラクトフェリン,乳酸菌",0,,ストレッチ無酸素運動,ストレッチ・無酸素運動
436,436,9929,腸活改善粒,乳酸菌,0,,ストレッチ,ストレッチ
437,437,9932,腸活善菌,乳酸菌,0,,ストレッチ,ストレッチ
438,438,9937,島の長命草カプセル,ボタンボウフウ由来クロロゲン酸,0,,有酸素運動,有酸素運動
439,439,9938,糖ケア田七,ジンセノサイドRg1,0,,有酸素運動,有酸素運動
440,440,9939,糖ナイン,サラシア,0,,有酸素運動,有酸素運動
441,441,9940,糖に働くLOHASのイヌリン,イヌリン,1,4.0,有酸素運動,有酸素運動
442,442,9941,糖ブロック,サラシア,0,,有酸素運動,有酸素運動
443,443,9946,糖脂スリムW,ターミナリアベリリカ由来没食子酸,0,,無酸素運動,無酸素運動
444,444,9947,糖脂セーブ,ターミナリアベリリカ由来没食子酸,0,,無酸素運動,無酸素運動
445,445,9951,内脂カット,ブラックジンジャー由来ポリメトキシフラボン,0,,無酸素運動,無酸素運動
446,446,9952,内臓脂肪を減らしたい方のケア習慣,リンゴ由来プロシアニジン,0,,無酸素運動,無酸素運動
447,447,9958,乳酸菌プラス22,乳酸菌,0,,ストレッチ,ストレッチ
448,448,9959,乳酸菌革命プレミアム,ビフィズス菌,0,,ストレッチ,ストレッチ
449,449,9964,発酵するナチュラルイヌリン,イヌリン,0,,有酸素運動,有酸素運動
450,450,9965,肥満気味の方の脂肪減少をサポートするエラグ酸,エラグ酸,1,3.0,無酸素運動,無酸素運動
451,451,9971,腹部の脂肪減少サポート,ブラックジンジャー由来ポリメトキシフラボン,0,,無酸素運動,無酸素運動
452,452,9972,歩くミカタ,ブラックジンジャー由来ポリメトキシフラボン,0,,無酸素運動,無酸素運動
453,453,9975,毎日気にして,葛の花由来イソフラボン,0,,ストレッチ,ストレッチ
454,454,9979,明治製薬緩静,桑の葉由来イミノシュガー,0,,有酸素運動,有酸素運動
455,455,9980,木KI,"ターミナリアベリリカ由来没食子酸,乳酸菌",0,,ストレッチ無酸素運動,ストレッチ・無酸素運動
456,456,9986,緑のDHA&EPA中性脂肪減少サポート,DHA・EPA,0,,ストレッチ,ストレッチ
457,457,10054,スリムバリアV6,エラグ酸,0,,無酸素運動,無酸素運動
458,458,10058,メグレアpremium,"ヒハツ由来ピペリン類,茶カテキン",0,,ストレッチストレッチ,ストレッチ
459,459,10064,ラミュレバーン（L'AMULEBURN）,葛の花由来イソフラボン,0,,ストレッチ,ストレッチ
460,460,10065,ラミュレカット（L'AMULECUT）,ターミナリアベリリカ由来没食子酸,0,,無酸素運動,無酸素運動
461,461,10069,X4SLIM（エックスフォースリム）,葛の花由来イソフラボン,0,,ストレッチ,ストレッチ
462,462,10073,X2BURN（エックストゥーバーン）,"ブラックジンジャー由来ポリメトキシフラボン,ヒハツ由来ピペリン類",0,,無酸素運動ストレッチ,ストレッチ・無酸素運動
463,463,10074,SHERICA（シェリカ）,ターミナリアベリリカ由来没食子酸,0,,無酸素運動,無酸素運動
464,464,10086,MARINESSマリネスターミナリア,ターミナリアベリリカ由来没食子酸,0,,無酸素運動,無酸素運動
465,465,10087,MARINESSマリネス葛の花,葛の花由来イソフラボン,0,,ストレッチ,ストレッチ
466,466,10089,シボドーンプレミアムEX,"ブラックジンジャー由来ポリメトキシフラボン,乳酸菌",0,,無酸素運動ストレッチ,ストレッチ・無酸素運動
467,467,10090,コレス＆ミドルケアタブレット,エラグ酸,0,,無酸素運動,無酸素運動
468,468,10091,ナイシケアWプレミアム,"ブラックジンジャー由来ポリメトキシフラボン,乳酸菌",0,,無酸素運動ストレッチ,ストレッチ・無酸素運動
469,469,10092,脂肪減少源EX,葛の花由来イソフラボン,1,3.0,ストレッチ,ストレッチ
470,470,10097,フトラ･ナイン,ブラックジンジャー由来ポリメトキシフラボン,0,,無酸素運動,無酸素運動
471,471,10100,シボットル,エラグ酸,0,,無酸素運動,無酸素運動
472,472,10102,燃焼革命Premium,"ブラックジンジャー由来ポリメトキシフラボン,ヒドロキシクエン酸（HCA）",0,,無酸素運動ストレッチ,ストレッチ・無酸素運動
473,473,10121,葛の花体脂肪サポート,葛の花由来イソフラボン,0,,ストレッチ,ストレッチ
474,474,10184,SUS乳酸菌CP1563スリムラクト,乳酸菌,0,,ストレッチ,ストレッチ
475,475,10240,VI-DASivorune(ヴィーダシボルネ),3-(4-ヒドロキシ-3-メトキシフェニル)プロピオン酸 (HMPA),0,,無酸素運動,無酸素運動
476,476,10242,ウエストメンテ（waistmainte）,"ブラックジンジャー由来ポリメトキシフラボン,サラシア",0,,無酸素運動有酸素運動,無酸素運動・有酸素運動
477,477,10244,シボストン,葛の花由来イソフラボン,0,,ストレッチ,ストレッチ
478,478,10245,ベルタスリムトリプル,"乳酸菌,茶カテキン",0,,ストレッチストレッチ,ストレッチ
479,479,10247,カロリムーブ,"ターミナリアベリリカ由来没食子酸,ブラックジンジャー由来ポリメトキシフラボン",0,,無酸素運動無酸素運動,無酸素運動
480,480,10254,ポムジン（pomdin）,リンゴ由来プロシアニジン,0,,無酸素運動,無酸素運動
481,481,10255,ナイシケアGOLD,エラグ酸,0,,無酸素運動,無酸素運動
482,482,10256,シボドーンEX,ブラックジンジャー由来ポリメトキシフラボン,0,,無酸素運動,無酸素運動
483,483,10259,血糖リミット,バナバ葉由来コロソリン酸,0,,ストレッチ,ストレッチ
484,484,10261,W脂肪対策腸ラクトフェリン,"ブラックジンジャー由来ポリメトキシフラボン,ラクトフェリン",0,,無酸素運動無酸素運動,無酸素運動
